Job ID,1,,,,,,,,,,,,,,,,,,,
Type (job/maintenance),job,,,,,,,,,,,,,,,,,,,
Resource,1,0,3,0,9,,,,,,,,,,,,,,,
Processing time,3.85,0.83,12,1.35,5.19,,,,,,,,,,,,,,,
Due date (soft and hard),49,73.1,,,,,,,,,,,,,,,,,,
Release date,0,,,,,,,,,,,,,,,,,,,
Preceding Jobs,,,,,,,,,,,,,,,,,,,,
Precedence Type,,,,,,,,,,,,,,,,,,,,
,,,,,,,,,,,,,,,,,,,,
Job ID,2,,,,,,,,,,,,,,,,,,,
Type (job/maintenance),job,,,,,,,,,,,,,,,,,,,
Resource,1,0,4,0,1,,,,,,,,,,,,,,,
Processing time,2.35,0.53,28.8,0.69,3.22,,,,,,,,,,,,,,,
Due date (soft and hard),78.5,Inf,,,,,,,,,,,,,,,,,,
Release date,0,,,,,,,,,,,,,,,,,,,
Preceding Jobs,,,,,,,,,,,,,,,,,,,,
Precedence Type,,,,,,,,,,,,,,,,,,,,
,,,,,,,,,,,,,,,,,,,,
Job ID,3,,,,,,,,,,,,,,,,,,,
Type (job/maintenance),job,,,,,,,,,,,,,,,,,,,
Resource,1,0,5,0,1,,,,,,,,,,,,,,,
Processing time,3.42,1.04,18.71,1.11,2.94,,,,,,,,,,,,,,,
Due date (soft and hard),96.66,121.9,,,,,,,,,,,,,,,,,,
Release date,40,,,,,,,,,,,,,,,,,,,
Preceding Jobs,,,,,,,,,,,,,,,,,,,,
Precedence Type,,,,,,,,,,,,,,,,,,,,
,,,,,,,,,,,,,,,,,,,,
Job ID,4,,,,,,,,,,,,,,,,,,,
Type (job/maintenance),job,,,,,,,,,,,,,,,,,,,
Resource,1,0,8,0,1,,,,,,,,,,,,,,,
Processing time,3.98,1.27,19.68,1.27,5.52,,,,,,,,,,,,,,,
Due date (soft and hard),100.3,Inf,,,,,,,,,,,,,,,,,,
Release date,40,,,,,,,,,,,,,,,,,,,
Preceding Jobs,,,,,,,,,,,,,,,,,,,,
Precedence Type,,,,,,,,,,,,,,,,,,,,
,,,,,,,,,,,,,,,,,,,,
Job ID,7,,,,,,,,,,,,,,,,,,,
Type (job/maintenance),job,,,,,,,,,,,,,,,,,,,
Resource,9,0,8,0,6,0,9,,,,,,,,,,,,,
Processing time,5.42,1.01,12.11,0.52,23.65,0.69,3.01,,,,,,,,,,,,,
Due date (soft and hard),96.1,148.15,,,,,,,,,,,,,,,,,,
Release date,0,,,,,,,,,,,,,,,,,,,
Preceding Jobs,,,,,,,,,,,,,,,,,,,,
Precedence Type,,,,,,,,,,,,,,,,,,,,
,,,,,,,,,,,,,,,,,,,,
Job ID,8,,,,,,,,,,,,,,,,,,,
Type (job/maintenance),job,,,,,,,,,,,,,,,,,,,
Resource,1,0,2,0,8,0,9,,,,,,,,,,,,,
Processing time,4.58,0.9,27.24,0.51,31.51,0.86,5.62,,,,,,,,,,,,,
Due date (soft and hard),148.83,Inf,,,,,,,,,,,,,,,,,,
Release date,0,,,,,,,,,,,,,,,,,,,
Preceding Jobs,,,,,,,,,,,,,,,,,,,,
Precedence Type,,,,,,,,,,,,,,,,,,,,
,,,,,,,,,,,,,,,,,,,,
Job ID,9,,,,,,,,,,,,,,,,,,,
Type (job/maintenance),job,,,,,,,,,,,,,,,,,,,
Resource,9,0,3,0,5,0,9,,,,,,,,,,,,,
Processing time,4.33,0.53,31.7,1.44,15.58,0.81,2.01,,,,,,,,,,,,,
Due date (soft and hard),166.54,217.68,,,,,,,,,,,,,,,,,,
Release date,40,,,,,,,,,,,,,,,,,,,
Preceding Jobs,,,,,,,,,,,,,,,,,,,,
Precedence Type,,,,,,,,,,,,,,,,,,,,
,,,,,,,,,,,,,,,,,,,,
Job ID,10,,,,,,,,,,,,,,,,,,,
Type (job/maintenance),job,,,,,,,,,,,,,,,,,,,
Resource,1,0,6,0,8,0,9,,,,,,,,,,,,,
Processing time,4.03,0.89,31.75,1.06,19.65,0.63,4.36,,,,,,,,,,,,,
Due date (soft and hard),156.47,Inf,,,,,,,,,,,,,,,,,,
Release date,40,,,,,,,,,,,,,,,,,,,
Preceding Jobs,,,,,,,,,,,,,,,,,,,,
Precedence Type,,,,,,,,,,,,,,,,,,,,
,,,,,,,,,,,,,,,,,,,,
Job ID,13,,,,,,,,,,,,,,,,,,,
Type (job/maintenance),job,,,,,,,,,,,,,,,,,,,
Resource,9,0,3,,,,,,,,,,,,,,,,,
Processing time,4,1.31,18.37,,,,,,,,,,,,,,,,,
Due date (soft and hard),46.77,75.69,,,,,,,,,,,,,,,,,,
Release date,0,,,,,,,,,,,,,,,,,,,
Preceding Jobs,,,,,,,,,,,,,,,,,,,,
Precedence Type,,,,,,,,,,,,,,,,,,,,
,,,,,,,,,,,,,,,,,,,,
Job ID,14,,,,,,,,,,,,,,,,,,,
Type (job/maintenance),job,,,,,,,,,,,,,,,,,,,
Resource,0,4,0,1,,,,,,,,,,,,,,,,
Processing time,1.38,8.58,0.6,4.37,,,,,,,,,,,,,,,,
Due date (soft and hard),72.85,113.83,,,,,,,,,,,,,,,,,,
Release date,0,,,,,,,,,,,,,,,,,,,
Preceding Jobs,13,,,,,,,,,,,,,,,,,,,
Precedence Type,split,,,,,,,,,,,,,,,,,,,
,,,,,,,,,,,,,,,,,,,,
Job ID,15,,,,,,,,,,,,,,,,,,,
Type (job/maintenance),job,,,,,,,,,,,,,,,,,,,
Resource,0,5,0,1,,,,,,,,,,,,,,,,
Processing time,0.74,13.03,0.74,2.12,,,,,,,,,,,,,,,,
Due date (soft and hard),85.73,128.43,,,,,,,,,,,,,,,,,,
Release date,0,,,,,,,,,,,,,,,,,,,
Preceding Jobs,13,,,,,,,,,,,,,,,,,,,
Precedence Type,split,,,,,,,,,,,,,,,,,,,
,,,,,,,,,,,,,,,,,,,,
Job ID,16,,,,,,,,,,,,,,,,,,,
Type (job/maintenance),job,,,,,,,,,,,,,,,,,,,
Resource,9,0,5,,,,,,,,,,,,,,,,,
Processing time,3.89,1,25.62,,,,,,,,,,,,,,,,,
Due date (soft and hard),93.54,133.35,,,,,,,,,,,,,,,,,,
Release date,40,,,,,,,,,,,,,,,,,,,
Preceding Jobs,,,,,,,,,,,,,,,,,,,,
Precedence Type,,,,,,,,,,,,,,,,,,,,
,,,,,,,,,,,,,,,,,,,,
Job ID,17,,,,,,,,,,,,,,,,,,,
Type (job/maintenance),job,,,,,,,,,,,,,,,,,,,
Resource,0,7,0,1,,,,,,,,,,,,,,,,
Processing time,0.92,20.89,0.69,3.33,,,,,,,,,,,,,,,,
Due date (soft and hard),161.36,209.72,,,,,,,,,,,,,,,,,,
Release date,40,,,,,,,,,,,,,,,,,,,
Preceding Jobs,16,,,,,,,,,,,,,,,,,,,
Precedence Type,split,,,,,,,,,,,,,,,,,,,
,,,,,,,,,,,,,,,,,,,,
Job ID,18,,,,,,,,,,,,,,,,,,,
Type (job/maintenance),job,,,,,,,,,,,,,,,,,,,
Resource,0,6,0,9,,,,,,,,,,,,,,,,
Processing time,1.31,13.63,0.87,2.08,,,,,,,,,,,,,,,,
Due date (soft and hard),135.57,184.66,,,,,,,,,,,,,,,,,,
Release date,40,,,,,,,,,,,,,,,,,,,
Preceding Jobs,16,,,,,,,,,,,,,,,,,,,
Precedence Type,split,,,,,,,,,,,,,,,,,,,
,,,,,,,,,,,,,,,,,,,,
Job ID,19,,,,,,,,,,,,,,,,,,,
Type (job/maintenance),job,,,,,,,,,,,,,,,,,,,
Resource,9,0,6,0,,,,,,,,,,,,,,,,
Processing time,5.1,1.21,16.12,1.03,,,,,,,,,,,,,,,,
Due date (soft and hard),48.95,71.52,,,,,,,,,,,,,,,,,,
Release date,0,,,,,,,,,,,,,,,,,,,
Preceding Jobs,,,,,,,,,,,,,,,,,,,,
Precedence Type,,,,,,,,,,,,,,,,,,,,
,,,,,,,,,,,,,,,,,,,,
Job ID,20,,,,,,,,,,,,,,,,,,,
Type (job/maintenance),job,,,,,,,,,,,,,,,,,,,
Resource,9,0,8,0,,,,,,,,,,,,,,,,
Processing time,2.03,0.74,17.25,1.07,,,,,,,,,,,,,,,,
Due date (soft and hard),47.16,60.9,,,,,,,,,,,,,,,,,,
Release date,0,,,,,,,,,,,,,,,,,,,
Preceding Jobs,,,,,,,,,,,,,,,,,,,,
Precedence Type,,,,,,,,,,,,,,,,,,,,
,,,,,,,,,,,,,,,,,,,,
Job ID,21,,,,,,,,,,,,,,,,,,,
Type (job/maintenance),job,,,,,,,,,,,,,,,,,,,
Resource,4,0,9,,,,,,,,,,,,,,,,,
Processing time,20.45,1.14,5.61,,,,,,,,,,,,,,,,,
Due date (soft and hard),108.97,144.57,,,,,,,,,,,,,,,,,,
Release date,0,,,,,,,,,,,,,,,,,,,
Preceding Jobs,19,20,,,,,,,,,,,,,,,,,,
Precedence Type,merge,merge,,,,,,,,,,,,,,,,,,
,,,,,,,,,,,,,,,,,,,,
Job ID,22,,,,,,,,,,,,,,,,,,,
Type (job/maintenance),job,,,,,,,,,,,,,,,,,,,
Resource,1,0,6,0,,,,,,,,,,,,,,,,
Processing time,4.59,1.39,9.68,1.19,,,,,,,,,,,,,,,,
Due date (soft and hard),72.45,91.89,,,,,,,,,,,,,,,,,,
Release date,40,,,,,,,,,,,,,,,,,,,
Preceding Jobs,,,,,,,,,,,,,,,,,,,,
Precedence Type,,,,,,,,,,,,,,,,,,,,
,,,,,,,,,,,,,,,,,,,,
Job ID,23,,,,,,,,,,,,,,,,,,,
Type (job/maintenance),job,,,,,,,,,,,,,,,,,,,
Resource,1,0,8,0,,,,,,,,,,,,,,,,
Processing time,2.56,0.67,23.02,0.74,,,,,,,,,,,,,,,,
Due date (soft and hard),90.04,126.16,,,,,,,,,,,,,,,,,,
Release date,40,,,,,,,,,,,,,,,,,,,
Preceding Jobs,,,,,,,,,,,,,,,,,,,,
Precedence Type,,,,,,,,,,,,,,,,,,,,
,,,,,,,,,,,,,,,,,,,,
Job ID,24,,,,,,,,,,,,,,,,,,,
Type (job/maintenance),job,,,,,,,,,,,,,,,,,,,
Resource,7,0,9,,,,,,,,,,,,,,,,,
Processing time,29.76,1.26,4.06,,,,,,,,,,,,,,,,,
Due date (soft and hard),165.19,239.07,,,,,,,,,,,,,,,,,,
Release date,40,,,,,,,,,,,,,,,,,,,
Preceding Jobs,22,23,,,,,,,,,,,,,,,,,,
Precedence Type,merge,merge,,,,,,,,,,,,,,,,,,
,,,,,,,,,,,,,,,,,,,,
Job ID,31,,,,,,,,,,,,,,,,,,,
Type (job/maintenance),maintenance,,,,,,,,,,,,,,,,,,,
Resource,8,,,,,,,,,,,,,,,,,,,
Processing time,8,,,,,,,,,,,,,,,,,,,
Due date (soft and hard),0,26.67,,,,,,,,,,,,,,,,,,
Release date,0,,,,,,,,,,,,,,,,,,,
Preceding Jobs,,,,,,,,,,,,,,,,,,,,
Precedence Type,,,,,,,,,,,,,,,,,,,,
,,,,,,,,,,,,,,,,,,,,
Job ID,32,,,,,,,,,,,,,,,,,,,
Type (job/maintenance),maintenance,,,,,,,,,,,,,,,,,,,
Resource,9,,,,,,,,,,,,,,,,,,,
Processing time,8,,,,,,,,,,,,,,,,,,,
Due date (soft and hard),16,42.67,,,,,,,,,,,,,,,,,,
Release date,16,,,,,,,,,,,,,,,,,,,
Preceding Jobs,,,,,,,,,,,,,,,,,,,,
Precedence Type,,,,,,,,,,,,,,,,,,,,
,,,,,,,,,,,,,,,,,,,,
Job ID,33,,,,,,,,,,,,,,,,,,,
Type (job/maintenance),maintenance,,,,,,,,,,,,,,,,,,,
Resource,7,,,,,,,,,,,,,,,,,,,
Processing time,8,,,,,,,,,,,,,,,,,,,
Due date (soft and hard),32,58.67,,,,,,,,,,,,,,,,,,
Release date,32,,,,,,,,,,,,,,,,,,,
Preceding Jobs,,,,,,,,,,,,,,,,,,,,
Precedence Type,,,,,,,,,,,,,,,,,,,,
,,,,,,,,,,,,,,,,,,,,
Job ID,34,,,,,,,,,,,,,,,,,,,
Type (job/maintenance),maintenance,,,,,,,,,,,,,,,,,,,
Resource,6,,,,,,,,,,,,,,,,,,,
Processing time,8,,,,,,,,,,,,,,,,,,,
Due date (soft and hard),48,74.67,,,,,,,,,,,,,,,,,,
Release date,48,,,,,,,,,,,,,,,,,,,
Preceding Jobs,,,,,,,,,,,,,,,,,,,,
Precedence Type,,,,,,,,,,,,,,,,,,,,
,,,,,,,,,,,,,,,,,,,,
Job ID,35,,,,,,,,,,,,,,,,,,,
Type (job/maintenance),maintenance,,,,,,,,,,,,,,,,,,,
Resource,0,,,,,,,,,,,,,,,,,,,
Processing time,8,,,,,,,,,,,,,,,,,,,
Due date (soft and hard),64,90.67,,,,,,,,,,,,,,,,,,
Release date,64,,,,,,,,,,,,,,,,,,,
Preceding Jobs,,,,,,,,,,,,,,,,,,,,
Precedence Type,,,,,,,,,,,,,,,,,,,,
,,,,,,,,,,,,,,,,,,,,
Job ID,36,,,,,,,,,,,,,,,,,,,
Type (job/maintenance),maintenance,,,,,,,,,,,,,,,,,,,
Resource,1,,,,,,,,,,,,,,,,,,,
Processing time,8,,,,,,,,,,,,,,,,,,,
Due date (soft and hard),80,106.67,,,,,,,,,,,,,,,,,,
Release date,80,,,,,,,,,,,,,,,,,,,
Preceding Jobs,,,,,,,,,,,,,,,,,,,,
Precedence Type,,,,,,,,,,,,,,,,,,,,
,,,,,,,,,,,,,,,,,,,,
Job ID,37,,,,,,,,,,,,,,,,,,,
Type (job/maintenance),maintenance,,,,,,,,,,,,,,,,,,,
Resource,4,,,,,,,,,,,,,,,,,,,
Processing time,8,,,,,,,,,,,,,,,,,,,
Due date (soft and hard),96,122.67,,,,,,,,,,,,,,,,,,
Release date,96,,,,,,,,,,,,,,,,,,,
Preceding Jobs,,,,,,,,,,,,,,,,,,,,
Precedence Type,,,,,,,,,,,,,,,,,,,,
,,,,,,,,,,,,,,,,,,,,
Job ID,38,,,,,,,,,,,,,,,,,,,
Type (job/maintenance),maintenance,,,,,,,,,,,,,,,,,,,
Resource,3,,,,,,,,,,,,,,,,,,,
Processing time,8,,,,,,,,,,,,,,,,,,,
Due date (soft and hard),112,138.67,,,,,,,,,,,,,,,,,,
Release date,112,,,,,,,,,,,,,,,,,,,
Preceding Jobs,,,,,,,,,,,,,,,,,,,,
Precedence Type,,,,,,,,,,,,,,,,,,,,
,,,,,,,,,,,,,,,,,,,,
Job ID,39,,,,,,,,,,,,,,,,,,,
Type (job/maintenance),maintenance,,,,,,,,,,,,,,,,,,,
Resource,5,,,,,,,,,,,,,,,,,,,
Processing time,8,,,,,,,,,,,,,,,,,,,
Due date (soft and hard),128,154.67,,,,,,,,,,,,,,,,,,
Release date,128,,,,,,,,,,,,,,,,,,,
Preceding Jobs,,,,,,,,,,,,,,,,,,,,
Precedence Type,,,,,,,,,,,,,,,,,,,,
,,,,,,,,,,,,,,,,,,,,
Job ID,40,,,,,,,,,,,,,,,,,,,
Type (job/maintenance),maintenance,,,,,,,,,,,,,,,,,,,
Resource,2,,,,,,,,,,,,,,,,,,,
Processing time,8,,,,,,,,,,,,,,,,,,,
Due date (soft and hard),144,170.67,,,,,,,,,,,,,,,,,,
Release date,144,,,,,,,,,,,,,,,,,,,
Preceding Jobs,,,,,,,,,,,,,,,,,,,,
Precedence Type,,,,,,,,,,,,,,,,,,,,
,,,,,,,,,,,,,,,,,,,,
